"Guid","Name","SBQQ__MethodName__c","SBQQ__Version__c"
0c89ca56-5f67-42db-a0f5-4e3ecba9d374,a0S3t00000JcFNg,SBQQ.InstallProcessorBatchHasCS,226.8
1500ed5a-a0d3-4a6f-b74d-9b750a321e55,a0S3t00000JcFMd,CalculatorReferencedFieldRemover,226.8
1f51aa37-10e4-4f67-8e9a-dd9597e3bf8a,a0S3t00000JcFNb,SBQQ.PriceRuleRefFieldGenerator,226.8
2cdd30ec-6f9f-40f8-8ddd-2157a15fcf7d,a0S3t00000JcFMT,SBQQ.BatchablePluginTranspileUtil,226.8
342c03fb-93ac-4372-9bbb-b40150cb9a2f,a0S3t00000JcFNH,SBQQ.InstallProcessorBatchQuantityEditable,226.8
3dde1230-2e2c-48d7-919a-657174842332,a0S3t00000JcFMP,enableFlagToPreventBackdatedAmendments,226.8
4043c47e-d7c3-432e-a13a-ebdb86d4180f,a0S3t00000JcFNR,SBQQ.InstallProcessorBatchQLIPriceBookEntry,226.8
4c6694b7-2624-4eb0-8d9d-b612bc6b4095,a0S3t00000JcFMK,createViewConsumptionScheduleLineAction,226.8
53f7d258-661b-470f-b63c-a29f205d7292,a0S3t00000JcFNl,SBQQ.CustomActionRefFieldGenerator,226.8
574b81c3-5528-438f-ae14-bc7ec787e3c1,a0S3t00000JcFMs,SBQQ.ReferencedFieldRemover,226.8
5b32f8d3-a823-4f1f-9df4-3badabd720a2,a0S3t00000JcFMO,createConfiguratorEditRulesAction,226.8
5b3c4c34-980f-401c-a3a0-786f977f177e,a0S3t00000JcFML,createExternalConfiguratorCustomAction,226.8
61ba9d6f-b913-491a-bf93-e0464abc33a3,a0S3t00000JcFOA,SBQQ.RootIdSetterChildSubscriptions,226.8
65541dc4-df26-4cad-9f87-7d10450f865c,a0S3t00000JcFNC,updateOIsWithAssetsContractsSubs,226.8
65f6bc61-fa5a-4012-8492-25c90b3cf520,a0S3t00000JcFMJ,createCustomActionsOnQLE,226.8
67495c4b-86d2-43d4-966d-33a3bb96b36f,a0S3t00000JcFNv,SBQQ.BatchableConfigAttrReferencedFieldUtil,226.8
712bf5d8-2ebf-4f44-b5e4-bdfaab92561b,a0S3t00000JcFMM,createAmendSubscriptionsCustomQleAction,226.8
86142c52-76de-44c6-997e-f496fececd10,a0S3t00000JcFN2,SBQQ.DiscountScheduleRefFieldGenerator,226.8
87c9826f-452b-4733-bba5-e1338ddab09a,a0S3t00000JcFMN,viewPricingGuidanceLineAction,226.8
955d0c0c-f1c8-4fd4-a29f-765a8268274c,a0S3t00000JcFN7,SBQQ.InstallProcessorBatchThemeGenerator,226.8
9d97a8c6-87b8-4feb-95bc-89b6b46b8281,a0S3t00000JcFMQ,SBQQ.BatchableDSExclusionGenerator,226.8
a6c7e624-ecb1-449b-80ca-9cf0972fe80e,a0S3t00000JcFNM,SBQQ.SummaryVarRefFieldGenerator,226.8
a75ba405-d126-467b-9cab-b69799cbaebd,a0S3t00000JcFMi,SBQQ.InstallProcessorBatchLocalizationIndex,226.8
ae80cc6d-6fa1-43dc-b1f9-60d24351fc81,a0S3t00000JcFOF,SBQQ.RootIdSetterChildAssets,226.8
c3ae9e4d-f75e-4c88-a72e-b1a17176a5f7,a0S3t00000JcFMx,SBQQ.InstallProcessorBatchAssetCombineKey,226.8
c7f4162c-2a3f-4257-b76a-73b2ac05599a,a0S3t00000JcFNq,SBQQ.ProductRefFieldGenerator,226.8
c8884e17-9f0c-4c92-aa22-9e23441b2247,a0S3t00000JcFMY,SBQQ.InstallProcessorBatchRegularPrice,226.8
e86af226-e3fa-4742-a6e5-8ac6da6dfef7,a0S3t00000JcFO5,SBQQ.RootIdSetterParentAssets,226.8
ed68f008-3df2-4501-b5c7-c486305704d2,a0S3t00000JcFO0,SBQQ.RootIdSetterParentSubscriptions,226.8
efaa6f73-222e-4990-ae9b-dc0a9acf68da,a0S3t00000JcFNW,SBQQ.ProductRuleRefFieldGenerator,226.8
f9870a51-f273-4a62-b853-ee741a254910,a0S3t00000JcFMn,SBQQ.InstallProcessorBatchRequiredByAsset,226.8
